{"request":{"ablations":[],"ids":[100,101,102,103,104,105,106,107,108,109,110,111,112,113,114,115,116,117,118,119],"project":"churchoutdoor","wantz":0},"res":[{"d":"/data/churchoutdoor/cache/img/id/100.jpg","id":100},{"d":"/data/churchoutdoor/cache/img/id/101.jpg","id":101},{"d":"/data/churchoutdoor/cache/img/id/102.jpg","id":102},{"d":"/data/churchoutdoor/cache/img/id/103.jpg","id":103},{"d":"/data/churchoutdoor/cache/img/id/104.jpg","id":104},{"d":"/data/churchoutdoor/cache/img/id/105.jpg","id":105},{"d":"/data/churchoutdoor/cache/img/id/106.jpg","id":106},{"d":"/data/churchoutdoor/cache/img/id/107.jpg","id":107},{"d":"/data/churchoutdoor/cache/img/id/108.jpg","id":108},{"d":"/data/churchoutdoor/cache/img/id/109.jpg","id":109},{"d":"/data/churchoutdoor/cache/img/id/110.jpg","id":110},{"d":"/data/churchoutdoor/cache/img/id/111.jpg","id":111},{"d":"/data/churchoutdoor/cache/img/id/112.jpg","id":112},{"d":"/data/churchoutdoor/cache/img/id/113.jpg","id":113},{"d":"/data/churchoutdoor/cache/img/id/114.jpg","id":114},{"d":"/data/churchoutdoor/cache/img/id/115.jpg","id":115},{"d":"/data/churchoutdoor/cache/img/id/116.jpg","id":116},{"d":"/data/churchoutdoor/cache/img/id/117.jpg","id":117},{"d":"/data/churchoutdoor/cache/img/id/118.jpg","id":118},{"d":"/data/churchoutdoor/cache/img/id/119.jpg","id":119}]}